timestamp_ms,pixel_height,estimated_distance_cm,confidence
1752076307698,310,29.8065,0.867495
1752076307723,311,29.7106,0.873494
1752076307748,312,29.6154,0.869887
1752076307773,308,30,0.887088
1752076307800,290,31.8621,0.900868
1752076307842,290,31.8621,0.907994
1752076307905,290,31.8621,0.90802
1752076307964,293,31.5358,0.906128
1752076308025,291,31.7526,0.89947
1752076308083,291,31.7526,0.895978
1752076308145,292,31.6438,0.909953
1752076308204,290,31.8621,0.904051
1752076308264,291,31.7526,0.912173
1752076308324,286,32.3077,0.907479
1752076308385,292,31.6438,0.906573
1752076308445,288,32.0833,0.899601
1752076308505,289,31.9723,0.909182
1752076308564,291,31.7526,0.902983
1752076308625,289,31.9723,0.910637
1752076308684,292,31.6438,0.911891
1752076308745,295,31.322,0.906248
1752076308805,292,31.6438,0.908654
1752076308865,291,31.7526,0.909812
1752076308930,293,31.5358,0.910282
1752076308989,293,31.5358,0.890657
1752076309049,294,31.4286,0.906217
1752076309109,293,31.5358,0.902555
1752076309169,297,31.1111,0.864233
1752076309229,290,31.8621,0.874247
1752076309289,299,30.903,0.861995
1752076309349,296,31.2162,0.882328
1752076309409,294,31.4286,0.900671
1752076309468,292,31.6438,0.907039
1752076309529,291,31.7526,0.903607
1752076309589,292,31.6438,0.910004
1752076309649,291,31.7526,0.907198
1752076309708,294,31.4286,0.909391
1752076309769,292,31.6438,0.910733
1752076309829,292,31.6438,0.90397
1752076309893,292,31.6438,0.906146
1752076309947,294,31.4286,0.913248
1752076310009,290,31.8621,0.911627
1752076310071,293,31.5358,0.903277
1752076310128,295,31.322,0.90948
1752076310189,295,31.322,0.907923
1752076310248,292,31.6438,0.908548
1752076310309,294,31.4286,0.911086
1752076310369,294,31.4286,0.90996
1752076310429,293,31.5358,0.902969
1752076310489,294,31.4286,0.903191
1752076310554,294,31.4286,0.911426
1752076310612,297,31.1111,0.912787
1752076310673,294,31.4286,0.909128
1752076310733,295,31.322,0.913144
1752076310793,294,31.4286,0.917942
1752076310853,293,31.5358,0.915485
1752076310913,292,31.6438,0.90954
1752076310973,291,31.7526,0.890761
1752076311033,292,31.6438,0.909757
1752076311093,293,31.5358,0.907625
1752076311153,293,31.5358,0.908922
1752076311213,292,31.6438,0.901473
1752076311273,293,31.5358,0.914436
1752076311333,294,31.4286,0.902092
1752076311393,295,31.322,0.876734
1752076311452,294,31.4286,0.912707
1752076311513,296,31.2162,0.903414
1752076311573,293,31.5358,0.889817
1752076311632,290,31.8621,0.879749
1752076311693,291,31.7526,0.909255
1752076311753,288,32.0833,0.91419
1752076311812,287,32.1951,0.912711
1752076311873,287,32.1951,0.914045
1752076311932,287,32.1951,0.918148
1752076311993,288,32.0833,0.908038
1752076312053,289,31.9723,0.913878
1752076312113,291,31.7526,0.921698
1752076312178,294,31.4286,0.920469
1752076312236,292,31.6438,0.917022
1752076312297,289,31.9723,0.908624
1752076312357,286,32.3077,0.891616
1752076312417,288,32.0833,0.884465
1752076312476,282,32.766,0.828166
1752076312537,281,32.8826,0.868929
1752076312597,278,33.2374,0.776578
1752076312656,291,31.7526,0.844655
1752076312718,292,31.6438,0.862334
1752076312776,295,31.322,0.878867
1752076312836,297,31.1111,0.895954
1752076312897,295,31.322,0.895199
1752076312957,299,30.903,0.896849
1752076313017,300,30.8,0.894577
1752076313077,307,30.0977,0.891326
1752076313136,307,30.0977,0.881755
1752076313196,316,29.2405,0.891541
1752076313256,313,29.5208,0.872669
1752076313316,313,29.5208,0.887268
1752076313376,312,29.6154,0.884273
1752076313436,314,29.4268,0.887079
1752076313496,313,29.5208,0.883323
1752076313557,314,29.4268,0.878125
1752076313616,311,29.7106,0.854765
1752076313676,314,29.4268,0.882821
1752076313737,315,29.3333,0.890895
1752076313802,316,29.2405,0.893701
1752076313860,315,29.3333,0.85664
1752076313921,312,29.6154,0.84832
1752076313980,309,29.9029,0.878192
1752076314041,306,30.1961,0.838469
1752076314101,299,30.903,0.905339
1752076314161,291,31.7526,0.879518
1752076314221,291,31.7526,0.838096
1752076314280,284,32.5352,0.901123
1752076314341,279,33.1183,0.888294
1752076314401,274,33.7226,0.887483
1752076314461,272,33.9706,0.888031
1752076314521,271,34.0959,0.90318
1752076314580,269,34.3494,0.903402
1752076314641,267,34.6067,0.888008
1752076314701,264,35,0.89971
1752076314760,258,35.814,0.810604
1752076314821,259,35.6757,0.810997
1752076314880,256,36.0938,0.876769
1752076314940,250,36.96,0.817373
1752076315000,244,37.8689,0.801279
1752076315060,246,37.561,0.809489
1752076315120,245,37.7143,0.847878
1752076315180,243,38.0247,0.815213
1752076315240,243,38.0247,0.821011
1752076315300,241,38.3402,0.850537
1752076315366,241,38.3402,0.870523
1752076315431,240,38.5,0.919699
1752076315487,237,38.9873,0.900336
1752076315548,236,39.1525,0.925254
1752076315603,236,39.1525,0.925426
1752076315664,233,39.6567,0.911858
1752076315724,232,39.8276,0.920874
1752076315787,231,40,0.914331
1752076315849,227,40.7048,0.91072
1752076315903,227,40.7048,0.907708
1752076315965,223,41.435,0.904945
1752076316024,223,41.435,0.90763
1752076316084,220,42,0.900308
1752076316145,218,42.3853,0.910799
1752076316205,216,42.7778,0.909391
1752076316265,213,43.3803,0.907279
1752076316325,213,43.3803,0.913846
1752076316385,209,44.2105,0.911503
1752076316445,206,44.8544,0.900939
1752076316505,202,45.7426,0.907822
1752076316565,200,46.2,0.915204
1752076316625,195,47.3846,0.916429
1752076316687,192,48.125,0.920722
1752076316744,190,48.6316,0.919049
1752076316804,193,47.8756,0.912594
1752076316864,185,49.9459,0.91617
1752076316925,182,50.7692,0.922809
1752076316990,182,50.7692,0.918609
1752076317048,179,51.6201,0.919267
1752076317108,179,51.6201,0.927373
1752076317168,178,51.9101,0.926883
1752076317228,178,51.9101,0.927212
1752076317288,179,51.6201,0.925777
1752076317348,178,51.9101,0.929111
1752076317408,180,51.3333,0.929471
1752076317468,176,52.5,0.92925
1752076317528,175,52.8,0.930491
1752076317588,176,52.5,0.932186
1752076317648,177,52.2034,0.931503
1752076317708,180,51.3333,0.929302
1752076317768,182,50.7692,0.930794
1752076317828,185,49.9459,0.921705
1752076317888,191,48.377,0.931157
1752076317949,193,47.8756,0.924121
1752076318008,198,46.6667,0.923693
1752076318068,203,45.5172,0.922683
1752076318128,204,45.2941,0.912539
1752076318188,213,43.3803,0.912435
1752076318249,216,42.7778,0.918152
1752076318308,220,42,0.917529
1752076318368,220,42,0.923976
1752076318428,221,41.81,0.929322
1752076318488,221,41.81,0.932038
1752076318549,225,41.0667,0.933404
1752076318614,227,40.7048,0.924455
1752076318673,228,40.5263,0.925839
1752076318732,230,40.1739,0.92926
1752076318793,227,40.7048,0.920225
1752076318854,228,40.5263,0.915635
1752076318912,226,40.885,0.925529
1752076318973,226,40.885,0.915743
1752076319033,227,40.7048,0.929307
1752076319093,226,40.885,0.917936
1752076319153,226,40.885,0.929292
1752076319213,222,41.6216,0.915702
1752076319272,222,41.6216,0.928693
1752076319332,220,42,0.909985
1752076319396,222,41.6216,0.915717
1752076319453,223,41.435,0.918258
1752076319513,226,40.885,0.925625
1752076319573,229,40.3493,0.92638
1752076319633,226,40.885,0.918872
1752076319693,227,40.7048,0.913285
1752076319753,226,40.885,0.916928
1752076319813,227,40.7048,0.923337
1752076319873,228,40.5263,0.917132
1752076319933,232,39.8276,0.916656
1752076319993,234,39.4872,0.912976
1752076320053,237,38.9873,0.916196
1752076320113,237,38.9873,0.920795
1752076320173,235,39.3191,0.907469
1752076320238,225,41.0667,0.922057
1752076320297,218,42.3853,0.910566
1752076320357,214,43.1776,0.910313
1752076320417,216,42.7778,0.920705
1752076320477,215,42.9767,0.925853
1752076320537,212,43.5849,0.925664
1752076320597,211,43.7915,0.919002
1752076320657,210,44,0.913556
1752076320717,208,44.4231,0.91424
1752076320777,206,44.8544,0.917487
1752076320837,203,45.5172,0.908541
1752076320897,203,45.5172,0.910047
1752076320957,203,45.5172,0.91027
1752076321017,200,46.2,0.914535
1752076321077,203,45.5172,0.913903
1752076321137,206,44.8544,0.92145
1752076321197,205,45.0732,0.917086
1752076321257,205,45.0732,0.923439
1752076321317,204,45.2941,0.921802
1752076321379,203,45.5172,0.919831
1752076321437,203,45.5172,0.928816
1752076321497,203,45.5172,0.932145
1752076321557,203,45.5172,0.932321
1752076321617,198,46.6667,0.921081
1752076321677,199,46.4322,0.920904
1752076321737,202,45.7426,0.923656
1752076321797,208,44.4231,0.904989
1752076321862,209,44.2105,0.911721
1752076321921,208,44.4231,0.923207
1752076321981,209,44.2105,0.925314
1752076322041,209,44.2105,0.919313
1752076322101,206,44.8544,0.911527
1752076322161,211,43.7915,0.917161
1752076322221,209,44.2105,0.912128
1752076322281,209,44.2105,0.914243
1752076322341,204,45.2941,0.926971
1752076322401,204,45.2941,0.932559
1752076322461,202,45.7426,0.937913
1752076322521,202,45.7426,0.933669
1752076322581,200,46.2,0.936571
1752076322641,200,46.2,0.931091
1752076322701,199,46.4322,0.928314
1752076322761,199,46.4322,0.924503
1752076322821,199,46.4322,0.915311
1752076322881,200,46.2,0.917094
1752076322947,200,46.2,0.920305
1752076323000,199,46.4322,0.919448
1752076323061,200,46.2,0.918595
1752076323121,200,46.2,0.922582
1752076323181,201,45.9701,0.931503
1752076323241,202,45.7426,0.930638
1752076323301,201,45.9701,0.928128
1752076323361,201,45.9701,0.926092
1752076323421,202,45.7426,0.920147
1752076323486,202,45.7426,0.920041
1752076323544,203,45.5172,0.918796
1752076323605,203,45.5172,0.917577
1752076323665,201,45.9701,0.91212
1752076323725,202,45.7426,0.914552
1752076323785,201,45.9701,0.9154
1752076323845,200,46.2,0.918807
1752076323905,202,45.7426,0.912356
1752076323965,200,46.2,0.919261
1752076324025,199,46.4322,0.914928
1752076324085,198,46.6667,0.91967
1752076324145,198,46.6667,0.915414
1752076324205,195,47.3846,0.911669
1752076324265,191,48.377,0.916032
1752076324325,189,48.8889,0.915989
1752076324385,188,49.1489,0.913999
1752076324445,187,49.4118,0.909146
1752076324505,184,50.2174,0.912573
1752076324565,184,50.2174,0.910657
1752076324625,183,50.4918,0.914644
1752076324685,183,50.4918,0.921789
1752076324745,182,50.7692,0.932577
1752076324805,181,51.0497,0.93343
1752076324865,180,51.3333,0.932959
1752076324922,178,51.9101,0.924902
1752076324982,176,52.5,0.928849
1752076325045,175,52.8,0.926746
1752076325109,173,53.4104,0.925737
1752076325168,172,53.7209,0.925764
1752076325228,170,54.3529,0.92284
1752076325288,170,54.3529,0.915875
1752076325348,169,54.6746,0.916265
1752076325408,169,54.6746,0.9139
1752076325468,168,55,0.914178
1752076325529,169,54.6746,0.913491
1752076325589,167,55.3293,0.916348
1752076325649,169,54.6746,0.914455
1752076325709,167,55.3293,0.913111
1752076325769,170,54.3529,0.909474
1752076325829,170,54.3529,0.916566
1752076325886,169,54.6746,0.917281
1752076325946,171,54.0351,0.920855
1752076326006,174,53.1034,0.929123
1752076326066,179,51.6201,0.918637
1752076326126,179,51.6201,0.915801
1752076326186,184,50.2174,0.918182
1752076326246,188,49.1489,0.922538
1752076326306,191,48.377,0.914027
1752076326366,194,47.6289,0.919725
1752076326427,198,46.6667,0.915839
1752076326486,205,45.0732,0.922139
1752076326546,204,45.2941,0.928184
1752076326608,209,44.2105,0.913422
1752076326666,209,44.2105,0.924679
1752076326730,213,43.3803,0.916575
1752076326790,208,44.4231,0.915147
1752076326852,209,44.2105,0.907211
1752076326910,211,43.7915,0.913025
1752076326970,212,43.5849,0.911828
1752076327030,214,43.1776,0.916988
1752076327090,217,42.5806,0.922136
1752076327150,223,41.435,0.923379
1752076327210,225,41.0667,0.92671
1752076327270,221,41.81,0.927319
1752076327330,221,41.81,0.929512
1752076327390,218,42.3853,0.913702
1752076327450,217,42.5806,0.915065
1752076327510,215,42.9767,0.920249
1752076327570,220,42,0.91872
1752076327632,227,40.7048,0.934441
1752076327690,241,38.3402,0.918679
1752076327750,242,38.1818,0.906436
1752076327810,239,38.6611,0.911936
1752076327870,246,37.561,0.909145
1752076327932,255,36.2353,0.906031
1752076327990,263,35.1331,0.900282
1752076328050,273,33.8462,0.909339
1752076328110,286,32.3077,0.914074
1752076328170,294,31.4286,0.891675
1752076328230,302,30.596,0.834127
1752076328290,309,29.9029,0.763207
1752076328354,310,29.8065,0.82632
1752076328414,318,29.0566,0.859541
1752076328474,322,28.6957,0.902178
1752076328534,330,28,0.911908
1752076328594,335,27.5821,0.908138
1752076328654,337,27.4184,0.906041
1752076328714,339,27.2566,0.908795
1752076328774,343,26.9388,0.880755
1752076328837,349,26.4756,0.882847
1752076328894,352,26.25,0.904173
1752076328954,356,25.9551,0.894134
1752076329014,362,25.5249,0.902642
1752076329074,365,25.3151,0.90124
1752076329134,370,24.973,0.872177
1752076329194,379,24.3799,0.860092
1752076329257,372,24.8387,0.817639
1752076329315,390,23.6923,0.838294
1752076329374,389,23.7532,0.819592
1752076329434,72,128.333,0.716311
1752076329494,393,23.5114,0.877202
1752076329554,392,23.5714,0.854664
1752076329614,391,23.6317,0.901755
1752076329676,386,23.9378,0.847016
1752076329734,386,23.9378,0.821007
1752076329795,393,23.5114,0.858648
1752076329854,388,23.8144,0.770855
1752076329915,388,23.8144,0.904596
1752076329982,381,24.252,0.889185
1752076330040,373,24.7721,0.884021
1752076330101,369,25.0407,0.845457
1752076330161,370,24.973,0.85945
1752076330222,361,25.5956,0.866582
1752076330280,357,25.8824,0.89588
1752076330340,353,26.1756,0.895915
1752076330400,353,26.1756,0.884989
1752076330461,350,26.4,0.903152
1752076330521,344,26.8605,0.840431
1752076330581,344,26.8605,0.850642
1752076330641,340,27.1765,0.800815
1752076330701,341,27.0968,0.831726
1752076330761,344,26.8605,0.890326
1752076330821,339,27.2566,0.894089
1752076330878,341,27.0968,0.877201
1752076330938,339,27.2566,0.870314
1752076331061,73,126.575,0.747348
1752076331120,335,27.5821,0.826859
1752076331181,334,27.6647,0.755656
1752076331240,75,123.2,0.710976
1752076331300,75,123.2,0.7816
1752076331360,74,124.865,0.692383
1752076331420,74,124.865,0.765988
1752076331480,74,124.865,0.726336
1752076331540,75,123.2,0.776006
1752076331605,75,123.2,0.723821
1752076331664,75,123.2,0.777288
1752076331784,75,123.2,0.765473
1752076331844,335,27.5821,0.77051
1752076331904,74,124.865,0.710127
1752076331964,73,126.575,0.790108
1752076332084,73,126.575,0.773085
1752076332144,74,124.865,0.779083
1752076332324,74,124.865,0.701091
1752076332384,337,27.4184,0.742739
1752076332444,75,123.2,0.684852
1752076332684,340,27.1765,0.813441
1752076332744,343,26.9388,0.881275
1752076332804,346,26.7052,0.861868
1752076332864,354,26.1017,0.8583
1752076332924,354,26.1017,0.865403
1752076333045,347,26.6282,0.875459
1752076333104,345,26.7826,0.696133
1752076333165,351,26.3248,0.863277
1752076333230,74,124.865,0.693227
1752076333288,351,26.3248,0.855474
1752076333348,348,26.5517,0.778653
1752076333408,352,26.25,0.739004
1752076333528,350,26.4,0.822835
1752076333588,352,26.25,0.886921
1752076333648,352,26.25,0.886224
1752076333708,356,25.9551,0.884242
1752076333769,356,25.9551,0.872296
1752076333828,352,26.25,0.870818
1752076333889,358,25.8101,0.815451
1752076334008,355,26.0282,0.754716
1752076334068,345,26.7826,0.78682
1752076334248,344,26.8605,0.810737
1752076334309,344,26.8605,0.720116
1752076334912,178,51.9101,0.667228
1752076335092,333,27.7477,0.889209
1752076335152,327,28.2569,0.880591
1752076335212,320,28.875,0.882469
1752076335272,306,30.1961,0.907564
1752076335333,298,31.0067,0.908876
1752076335392,297,31.1111,0.913334
1752076335452,287,32.1951,0.906521
1752076335512,285,32.4211,0.900353
1752076335572,283,32.6502,0.839368
1752076335632,282,32.766,0.80797
1752076335693,281,32.8826,0.908972
1752076335752,278,33.2374,0.922439
1752076335812,276,33.4783,0.919278
1752076335872,282,32.766,0.920879
1752076335932,281,32.8826,0.917176
1752076335992,281,32.8826,0.91225
1752076336052,278,33.2374,0.906384
1752076336112,283,32.6502,0.912861
1752076336172,281,32.8826,0.898603
1752076336232,284,32.5352,0.912044
1752076336292,288,32.0833,0.916365
1752076336352,288,32.0833,0.91718
1752076336412,288,32.0833,0.916127
1752076336477,294,31.4286,0.886713
1752076336536,296,31.2162,0.898794
1752076336596,300,30.8,0.903793
1752076336656,299,30.903,0.890887
1752076336717,304,30.3947,0.897201
1752076336776,309,29.9029,0.893899
1752076336836,313,29.5208,0.902329
1752076336896,317,29.1483,0.917118
1752076336956,316,29.2405,0.884848
1752076337016,313,29.5208,0.887265
1752076337076,314,29.4268,0.855676
1752076337136,312,29.6154,0.880136
1752076337197,308,30,0.859307
1752076337256,310,29.8065,0.877501
1752076337316,315,29.3333,0.890196
1752076337376,316,29.2405,0.909093
1752076337436,311,29.7106,0.913563
1752076337496,313,29.5208,0.873463
1752076337557,72,128.333,0.694205
1752076337616,73,126.575,0.700104
1752076337796,330,28,0.726297
1752076337856,334,27.6647,0.862187
1752076337916,333,27.7477,0.876319
1752076337976,338,27.3373,0.889636
1752076338036,343,26.9388,0.812513
1752076338102,344,26.8605,0.701822
1752076338160,349,26.4756,0.763705
1752076338221,357,25.8824,0.871863
1752076338280,360,25.6667,0.866688
1752076338340,360,25.6667,0.841445
1752076338400,363,25.4545,0.860014
1752076338460,365,25.3151,0.718256
1752076338520,366,25.2459,0.854285
1752076338580,366,25.2459,0.870517
1752076338640,365,25.3151,0.903061
1752076338700,361,25.5956,0.90032
1752076338760,360,25.6667,0.870184
1752076338820,364,25.3846,0.91684
1752076338880,363,25.4545,0.878248
1752076338940,359,25.7382,0.919945
1752076339001,355,26.0282,0.927274
1752076339060,348,26.5517,0.910944
1752076339120,328,28.1707,0.891065
1752076339180,314,29.4268,0.911102
1752076339240,299,30.903,0.908686
1752076339300,288,32.0833,0.916126
1752076339360,277,33.3574,0.918239
1752076339420,271,34.0959,0.920247
1752076339480,263,35.1331,0.919551
1752076339540,252,36.6667,0.906729
1752076339600,239,38.6611,0.904601
1752076339660,232,39.8276,0.915481
1752076339726,223,41.435,0.919201
1752076339784,223,41.435,0.922425
1752076339845,221,41.81,0.916219
1752076339904,220,42,0.915222
1752076339964,218,42.3853,0.91137
1752076340024,216,42.7778,0.912077
1752076340084,215,42.9767,0.912162
1752076340145,212,43.5849,0.918293
1752076340204,211,43.7915,0.924822
1752076340264,213,43.3803,0.922015
1752076340324,215,42.9767,0.922885
1752076340384,215,42.9767,0.917029
1752076340444,216,42.7778,0.914059
1752076340506,215,42.9767,0.917797
1752076340570,213,43.3803,0.910919
1752076340625,213,43.3803,0.903278
1752076340685,213,43.3803,0.90272
1752076340744,212,43.5849,0.904403
1752076340805,210,44,0.899343
1752076340864,210,44,0.908993
1752076340925,209,44.2105,0.905882
1752076340984,208,44.4231,0.913718
1752076341044,209,44.2105,0.899757
1752076341104,210,44,0.903394
1752076341165,209,44.2105,0.904483
1752076341224,210,44,0.904328
1752076341284,208,44.4231,0.893049
1752076341350,209,44.2105,0.909856
1752076341408,211,43.7915,0.908527
1752076341469,208,44.4231,0.902173
1752076341528,209,44.2105,0.903577
1752076341588,211,43.7915,0.886506
1752076341648,210,44,0.889065
1752076341709,210,44,0.898803
1752076341769,209,44.2105,0.902991
1752076341828,210,44,0.906233
1752076341889,210,44,0.911652
1752076341949,210,44,0.913205
1752076342008,209,44.2105,0.912595
1752076342069,206,44.8544,0.922911
1752076342128,203,45.5172,0.925171
1752076342188,204,45.2941,0.923411
1752076342249,202,45.7426,0.928636
1752076342309,199,46.4322,0.919151
1752076342369,199,46.4322,0.921221
1752076342428,197,46.9036,0.927121
1752076342489,194,47.6289,0.930894
1752076342549,194,47.6289,0.928477
1752076342609,192,48.125,0.929056
1752076342669,190,48.6316,0.926469
1752076342729,190,48.6316,0.92608
1752076342789,190,48.6316,0.921995
1752076342848,190,48.6316,0.917293
1752076342909,190,48.6316,0.918939
1752076342974,192,48.125,0.916867
1752076343032,192,48.125,0.91814
1752076343093,192,48.125,0.921644
1752076343153,192,48.125,0.920138
1752076343213,191,48.377,0.91891
1752076343273,191,48.377,0.91881
1752076343333,190,48.6316,0.919421
1752076343395,192,48.125,0.919372
1752076343453,193,47.8756,0.919307
1752076343513,193,47.8756,0.918918
1752076343573,193,47.8756,0.918299
1752076343633,194,47.6289,0.920489
1752076343693,192,48.125,0.919388
1752076343753,193,47.8756,0.918934
1752076343813,194,47.6289,0.924141
1752076343873,194,47.6289,0.919348
1752076343933,195,47.3846,0.920605
1752076343993,195,47.3846,0.915187
1752076344052,193,47.8756,0.918378
1752076344112,193,47.8756,0.922757
1752076344172,194,47.6289,0.918988
1752076344232,195,47.3846,0.918375
1752076344292,196,47.1429,0.9154
1752076344352,196,47.1429,0.912511
1752076344412,195,47.3846,0.911072
1752076344472,194,47.6289,0.908072
1752076344532,192,48.125,0.911972
1752076344598,190,48.6316,0.916714
1752076344656,189,48.8889,0.923385
1752076344716,188,49.1489,0.924544
1752076344776,188,49.1489,0.921344
1752076344841,187,49.4118,0.921423
1752076344895,184,50.2174,0.919439
1752076344957,183,50.4918,0.924011
1752076345016,182,50.7692,0.922582
1752076345076,181,51.0497,0.92214
1752076345136,179,51.6201,0.922134
1752076345196,180,51.3333,0.922999
1752076345257,181,51.0497,0.924255
1752076345318,179,51.6201,0.921708
1752076345376,179,51.6201,0.928914
1752076345436,180,51.3333,0.925797
1752076345497,178,51.9101,0.92513
1752076345557,178,51.9101,0.92528
1752076345616,177,52.2034,0.925736
1752076345676,178,51.9101,0.925338
1752076345737,177,52.2034,0.926025
1752076345797,178,51.9101,0.926761
1752076345857,177,52.2034,0.929142
1752076345917,178,51.9101,0.930172
1752076345977,178,51.9101,0.93015
1752076346037,178,51.9101,0.929966
1752076346097,177,52.2034,0.92689
1752076346157,178,51.9101,0.927283
1752076346221,178,51.9101,0.925285
1752076346285,179,51.6201,0.924336
1752076346340,179,51.6201,0.924198
1752076346401,179,51.6201,0.924276
1752076346461,180,51.3333,0.926422
1752076346520,179,51.6201,0.924621
1752076346580,178,51.9101,0.923473
1752076346641,179,51.6201,0.924723
1752076346701,179,51.6201,0.925193
1752076346762,178,51.9101,0.926953
1752076346823,178,51.9101,0.925686
1752076346880,178,51.9101,0.924633
1752076346941,178,51.9101,0.926754
1752076347000,177,52.2034,0.925934
1752076347061,177,52.2034,0.925417
1752076347121,177,52.2034,0.922833
1752076347180,177,52.2034,0.92077
1752076347241,177,52.2034,0.92053
1752076347301,177,52.2034,0.920609
1752076347362,177,52.2034,0.918885
1752076347421,177,52.2034,0.917929
1752076347480,177,52.2034,0.919327
1752076347541,177,52.2034,0.923725
1752076347600,177,52.2034,0.920969
1752076347661,176,52.5,0.920823
1752076347726,175,52.8,0.922491
1752076347779,174,53.1034,0.919433
1752076347846,174,53.1034,0.919113
1752076347904,174,53.1034,0.922116
1752076347966,174,53.1034,0.922567
1752076348024,174,53.1034,0.922062
1752076348084,174,53.1034,0.92339
1752076348144,175,52.8,0.923351
1752076348204,174,53.1034,0.924151
1752076348265,174,53.1034,0.924536
1752076348325,174,53.1034,0.924747
1752076348385,175,52.8,0.925061
1752076348445,174,53.1034,0.924015
1752076348504,174,53.1034,0.924611
1752076348565,174,53.1034,0.923651
1752076348625,173,53.4104,0.922711
1752076348685,173,53.4104,0.922521
1752076348745,172,53.7209,0.921871
1752076348805,173,53.4104,0.921215
1752076348865,172,53.7209,0.919851
1752076348929,171,54.0351,0.919193
1752076348984,171,54.0351,0.920245
1752076349045,171,54.0351,0.920339
1752076349105,170,54.3529,0.921034
1752076349166,171,54.0351,0.923654
1752076349224,169,54.6746,0.924335
1752076349285,168,55,0.924195
1752076349345,169,54.6746,0.922184
1752076349405,169,54.6746,0.923999
1752076349470,169,54.6746,0.926352
1752076349529,169,54.6746,0.92607
1752076349589,169,54.6746,0.924951
1752076349649,170,54.3529,0.925364
1752076349709,169,54.6746,0.922085
1752076349769,170,54.3529,0.922821
1752076349829,170,54.3529,0.919074
1752076349889,171,54.0351,0.917814
1752076349949,171,54.0351,0.918651
1752076350009,170,54.3529,0.921603
1752076350069,170,54.3529,0.922525
1752076350129,171,54.0351,0.917997
1752076350189,172,53.7209,0.917993
1752076350249,172,53.7209,0.913615
1752076350309,171,54.0351,0.912495
1752076350369,172,53.7209,0.914026
1752076350429,172,53.7209,0.917124
1752076350489,173,53.4104,0.919442
1752076350549,173,53.4104,0.921775
1752076350609,173,53.4104,0.925873
1752076350669,175,52.8,0.927061
1752076350729,176,52.5,0.929418
1752076350789,178,51.9101,0.931043
1752076350849,180,51.3333,0.929272
1752076350909,183,50.4918,0.92956
1752076350969,185,49.9459,0.922466
1752076351029,186,49.6774,0.926769
1752076351094,186,49.6774,0.926932
1752076351153,186,49.6774,0.927708
1752076351213,187,49.4118,0.928319
1752076351273,186,49.6774,0.929222
1752076351333,184,50.2174,0.932239
1752076351393,185,49.9459,0.930957
1752076351453,186,49.6774,0.928229
1752076351513,186,49.6774,0.924745
1752076351573,183,50.4918,0.925581
1752076351635,187,49.4118,0.924486
1752076351692,186,49.6774,0.923633
1752076351753,188,49.1489,0.920854
1752076351816,189,48.8889,0.920098
1752076351872,187,49.4118,0.923354
1752076351933,186,49.6774,0.926099
1752076351993,187,49.4118,0.923348
1752076352052,186,49.6774,0.92276
1752076352112,186,49.6774,0.925116
1752076352173,185,49.9459,0.922156
1752076352233,183,50.4918,0.922109
1752076352292,183,50.4918,0.923121
1752076352352,184,50.2174,0.926568
1752076352412,185,49.9459,0.927467
1752076352472,185,49.9459,0.92918
1752076352532,186,49.6774,0.929416
1752076352592,186,49.6774,0.929658
1752076352652,186,49.6774,0.926586
1752076352718,186,49.6774,0.926708
1752076352780,187,49.4118,0.924248
1752076352837,187,49.4118,0.925657
1752076352897,186,49.6774,0.922679
1752076352957,186,49.6774,0.922379
1752076353017,186,49.6774,0.925799
1752076353076,187,49.4118,0.924814
1752076353137,187,49.4118,0.920226
1752076353202,184,50.2174,0.924358
1752076353257,183,50.4918,0.930255
1752076353321,183,50.4918,0.923897
1752076353377,182,50.7692,0.925365
1752076353438,181,51.0497,0.923979
1752076353497,181,51.0497,0.920471
1752076353557,179,51.6201,0.924175
1752076353617,181,51.0497,0.924606
1752076353675,179,51.6201,0.925962
1752076353738,179,51.6201,0.923237
1752076353797,180,51.3333,0.924507
1752076353857,180,51.3333,0.927218
1752076353916,180,51.3333,0.924048
1752076353977,180,51.3333,0.925875
1752076354037,180,51.3333,0.923473
1752076354097,181,51.0497,0.925431
1752076354157,183,50.4918,0.923302
1752076354217,181,51.0497,0.925579
1752076354277,180,51.3333,0.925945
1752076354342,181,51.0497,0.924829
1752076354401,181,51.0497,0.924513
1752076354463,181,51.0497,0.928738
1752076354520,181,51.0497,0.922895
1752076354581,181,51.0497,0.922758
1752076354641,181,51.0497,0.92032
1752076354701,181,51.0497,0.922951
1752076354761,181,51.0497,0.921787
1752076354821,181,51.0497,0.924476
1752076354881,181,51.0497,0.921899
1752076354941,181,51.0497,0.92052
1752076355001,180,51.3333,0.922576
1752076355061,179,51.6201,0.924228
1752076355121,180,51.3333,0.926213
1752076355181,180,51.3333,0.928167
1752076355241,179,51.6201,0.932204
1752076355301,179,51.6201,0.929161
1752076355359,179,51.6201,0.929606
1752076355418,179,51.6201,0.927866
1752076355479,179,51.6201,0.924348
1752076355539,180,51.3333,0.93118
1752076355601,179,51.6201,0.930992
1752076355659,180,51.3333,0.931086
1752076355721,180,51.3333,0.931135
1752076355781,180,51.3333,0.929706
1752076355841,180,51.3333,0.92609
1752076355901,180,51.3333,0.925084
1752076355965,180,51.3333,0.927581
1752076356025,180,51.3333,0.930866
1752076356090,180,51.3333,0.928736
1752076356144,181,51.0497,0.928247
1752076356205,181,51.0497,0.93029
1752076356267,180,51.3333,0.930197
1752076356324,181,51.0497,0.931548
1752076356388,181,51.0497,0.930892
1752076356444,181,51.0497,0.930417
1752076356510,181,51.0497,0.931007
1752076356564,181,51.0497,0.930672
1752076356625,181,51.0497,0.928644
1752076356685,181,51.0497,0.930432
1752076356744,181,51.0497,0.928445
1752076356804,181,51.0497,0.9306
1752076356865,182,50.7692,0.931961
1752076356925,182,50.7692,0.931077
1752076356986,181,51.0497,0.932547
1752076357043,182,50.7692,0.934056
1752076357105,182,50.7692,0.93225
1752076357165,181,51.0497,0.931387
1752076357224,181,51.0497,0.935598
1752076357284,181,51.0497,0.930332
1752076357344,181,51.0497,0.933349
1752076357405,181,51.0497,0.932696
1752076357465,182,50.7692,0.931626
1752076357525,182,50.7692,0.933555
1752076357589,181,51.0497,0.933478
1752076357648,181,51.0497,0.933292
1752076357709,180,51.3333,0.932511
1752076357769,181,51.0497,0.932556
1752076357828,181,51.0497,0.931737
1752076357894,181,51.0497,0.931963
1752076357950,181,51.0497,0.933505
1752076358007,181,51.0497,0.932466
1752076358069,181,51.0497,0.93246
1752076358129,181,51.0497,0.933438
1752076358192,181,51.0497,0.931341
1752076358247,181,51.0497,0.934701
1752076358315,181,51.0497,0.93516
1752076358368,182,50.7692,0.935729
1752076358429,182,50.7692,0.934743
1752076358488,181,51.0497,0.934184
1752076358549,182,50.7692,0.932974
1752076358609,181,51.0497,0.932722
1752076358669,181,51.0497,0.933394
1752076358728,182,50.7692,0.932883
1752076358793,182,50.7692,0.931652
1752076358847,182,50.7692,0.932158
1752076358909,182,50.7692,0.932053
1752076358970,181,51.0497,0.931821
1752076359029,182,50.7692,0.930979
1752076359088,180,51.3333,0.931422
1752076359149,182,50.7692,0.932401
1752076359214,182,50.7692,0.931872
1752076359273,181,51.0497,0.931063
1752076359333,182,50.7692,0.933057
1752076359393,181,51.0497,0.929888
1752076359453,181,51.0497,0.932432
1752076359513,181,51.0497,0.930552
1752076359573,181,51.0497,0.929225
1752076359633,181,51.0497,0.929089
1752076359693,180,51.3333,0.930231
1752076359753,181,51.0497,0.930198
1752076359813,181,51.0497,0.929533
1752076359873,180,51.3333,0.929082
1752076359934,181,51.0497,0.930417
1752076359993,180,51.3333,0.928613
1752076360053,180,51.3333,0.928453
1752076360113,180,51.3333,0.929113
1752076360173,181,51.0497,0.930787
1752076360233,181,51.0497,0.931061
1752076360293,181,51.0497,0.932231
1752076360353,182,50.7692,0.93212
1752076360413,182,50.7692,0.931682
1752076360473,182,50.7692,0.932782
1752076360533,182,50.7692,0.932064
1752076360593,181,51.0497,0.932927
1752076360653,183,50.4918,0.931289
1752076360713,182,50.7692,0.932377
1752076360773,182,50.7692,0.932042
1752076360838,182,50.7692,0.932616
1752076360896,182,50.7692,0.931793
1752076360957,182,50.7692,0.931197
1752076361017,182,50.7692,0.931006
1752076361077,182,50.7692,0.930773
1752076361137,182,50.7692,0.930867
1752076361197,181,51.0497,0.931325
1752076361257,181,51.0497,0.929605
1752076361317,181,51.0497,0.930694
1752076361379,181,51.0497,0.9304
1752076361436,181,51.0497,0.930979
1752076361496,181,51.0497,0.932098
1752076361557,182,50.7692,0.930872
1752076361614,182,50.7692,0.930562
1752076361674,181,51.0497,0.930436
1752076361739,181,51.0497,0.929541
1752076361797,181,51.0497,0.930277
1752076361854,181,51.0497,0.929772
1752076361914,181,51.0497,0.929674
1752076361977,182,50.7692,0.93039
1752076362041,181,51.0497,0.931153
1752076362095,181,51.0497,0.931023
1752076362157,182,50.7692,0.931754
1752076362222,182,50.7692,0.930882
1752076362275,183,50.4918,0.931176
1752076362337,182,50.7692,0.930866
1752076362397,181,51.0497,0.930562
1752076362461,182,50.7692,0.931262
1752076362521,182,50.7692,0.930263
1752076362580,183,50.4918,0.931748
1752076362641,182,50.7692,0.930548
1752076362704,182,50.7692,0.931025
1752076362760,182,50.7692,0.931139
1752076362821,182,50.7692,0.93189
1752076362881,182,50.7692,0.931399
1752076362939,182,50.7692,0.932113
1752076363001,182,50.7692,0.931883
1752076363059,182,50.7692,0.931674
1752076363121,183,50.4918,0.932285
1752076363181,182,50.7692,0.930425
1752076363241,181,51.0497,0.931252
1752076363301,182,50.7692,0.932783
1752076363361,182,50.7692,0.932078
1752076363421,182,50.7692,0.932498
1752076363481,182,50.7692,0.930718
1752076363541,182,50.7692,0.932441
1752076363601,182,50.7692,0.932258
1752076363661,182,50.7692,0.932219
1752076363721,182,50.7692,0.931538
1752076363781,182,50.7692,0.930616
1752076363841,182,50.7692,0.930423
1752076363901,182,50.7692,0.932452
1752076363961,182,50.7692,0.930954
1752076364021,182,50.7692,0.931356
1752076364086,182,50.7692,0.931164
1752076364145,182,50.7692,0.930316
1752076364205,181,51.0497,0.931416
1752076364265,182,50.7692,0.930995
1752076364325,182,50.7692,0.931248
1752076364384,181,51.0497,0.930993
1752076364445,182,50.7692,0.929094
1752076364504,182,50.7692,0.929976
1752076364565,181,51.0497,0.930468
1752076364625,180,51.3333,0.929748
1752076364683,181,51.0497,0.930168
1752076364746,181,51.0497,0.930322
1752076364805,181,51.0497,0.928462
1752076364865,180,51.3333,0.929651
1752076364925,181,51.0497,0.928616
1752076364985,181,51.0497,0.930332
1752076365045,180,51.3333,0.930669
1752076365105,181,51.0497,0.929259
1752076365165,182,50.7692,0.930313
1752076365225,181,51.0497,0.93032
1752076365285,181,51.0497,0.930274
1752076365347,181,51.0497,0.930457
1752076365404,181,51.0497,0.928996
1752076365465,181,51.0497,0.930657
1752076365525,181,51.0497,0.929947
1752076365585,181,51.0497,0.93085
1752076365645,180,51.3333,0.929372
1752076365710,180,51.3333,0.929505
1752076365768,181,51.0497,0.929704
1752076365828,181,51.0497,0.929248
1752076365888,181,51.0497,0.929632
1752076365949,181,51.0497,0.93046
1752076366010,181,51.0497,0.92981
1752076366073,181,51.0497,0.930317
1752076366127,181,51.0497,0.930615
1752076366189,183,50.4918,0.931564
1752076366248,183,50.4918,0.931408
1752076366308,182,50.7692,0.93298
1752076366368,183,50.4918,0.932999
1752076366428,182,50.7692,0.934573
1752076366488,181,51.0497,0.932767
1752076366549,181,51.0497,0.929658
1752076366611,184,50.2174,0.927301
1752076366674,185,49.9459,0.926906
1752076366729,184,50.2174,0.928639
1752076366789,185,49.9459,0.930735
1752076366849,184,50.2174,0.934179
1752076366907,185,49.9459,0.933144
1752076366968,186,49.6774,0.930641
1752076367028,186,49.6774,0.932875
1752076367088,187,49.4118,0.932892
1752076367149,187,49.4118,0.928201
1752076367209,188,49.1489,0.926842
1752076367269,189,48.8889,0.922707
1752076367334,190,48.6316,0.917771
1752076367392,193,47.8756,0.918888
1752076367453,197,46.9036,0.916776
1752076367512,200,46.2,0.908423
1752076367573,202,45.7426,0.907714
1752076367633,205,45.0732,0.917464
1752076367693,210,44,0.908857
1752076367753,214,43.1776,0.912224
1752076367813,217,42.5806,0.907112
1752076367873,223,41.435,0.902275
1752076367933,224,41.25,0.902587
1752076367991,222,41.6216,0.907876
1752076368055,222,41.6216,0.877163
1752076368112,221,41.81,0.891373
1752076368173,219,42.1918,0.901342
1752076368233,224,41.25,0.870981
1752076368293,223,41.435,0.882679
1752076368353,222,41.6216,0.889867
1752076368413,220,42,0.9091
1752076368472,219,42.1918,0.905134
1752076368532,216,42.7778,0.896483
1752076368593,215,42.9767,0.899666
1752076368653,217,42.5806,0.902306
1752076368713,218,42.3853,0.906888
1752076368772,219,42.1918,0.896204
1752076368833,213,43.3803,0.898596
1752076368893,213,43.3803,0.904658
1752076368957,212,43.5849,0.917966
1752076369016,212,43.5849,0.913137
1752076369077,212,43.5849,0.913809
1752076369137,215,42.9767,0.918582
1752076369197,219,42.1918,0.902292
1752076369257,224,41.25,0.90787
1752076369316,225,41.0667,0.903796
1752076369376,223,41.435,0.905245
1752076369437,221,41.81,0.906997
1752076369496,216,42.7778,0.864058
1752076369556,215,42.9767,0.893349
1752076369616,215,42.9767,0.887813
1752076369676,215,42.9767,0.870247
1752076369736,215,42.9767,0.885817
1752076369797,215,42.9767,0.894304
1752076369857,215,42.9767,0.897807
1752076369917,214,43.1776,0.895443
1752076369976,216,42.7778,0.90017
1752076370037,218,42.3853,0.877847
1752076370096,214,43.1776,0.85421
1752076370156,216,42.7778,0.856687
1752076370217,216,42.7778,0.878176
1752076370276,216,42.7778,0.886269
1752076370335,216,42.7778,0.904802
1752076370397,217,42.5806,0.885589
1752076370456,217,42.5806,0.897239
1752076370517,219,42.1918,0.891561
1752076370582,221,41.81,0.889139
1752076370640,227,40.7048,0.893182
1752076370701,229,40.3493,0.907449
1752076370761,228,40.5263,0.903131
1752076370821,237,38.9873,0.892698
1752076370880,242,38.1818,0.89274
1752076370938,249,37.1084,0.894606
1752076370999,254,36.378,0.884571
1752076371062,253,36.5217,0.902983
1752076371121,249,37.1084,0.901744
1752076371181,259,35.6757,0.788154
1752076371241,260,35.5385,0.892329
1752076371301,263,35.1331,0.899818
1752076371363,262,35.2672,0.904362
1752076371420,266,34.7368,0.888068
1752076371481,272,33.9706,0.915513
1752076371539,272,33.9706,0.913527
1752076371600,268,34.4776,0.922872
1752076371662,264,35,0.907929
1752076371721,256,36.0938,0.913792
1752076371781,254,36.378,0.911435
1752076371841,250,36.96,0.913212
1752076371901,248,37.2581,0.912034
1752076371961,247,37.4089,0.906298
1752076372021,246,37.561,0.908525
1752076372080,243,38.0247,0.920095
1752076372140,244,37.8689,0.918628
1752076372202,242,38.1818,0.916936
1752076372266,240,38.5,0.917154
1752076372325,237,38.9873,0.921888
1752076372385,236,39.1525,0.918767
1752076372445,231,40,0.917859
1752076372505,224,41.25,0.919238
1752076372565,223,41.435,0.918046
1752076372625,222,41.6216,0.914715
1752076372685,219,42.1918,0.918819
1752076372745,216,42.7778,0.917562
1752076372803,215,42.9767,0.921164
1752076372864,214,43.1776,0.925481
1752076372926,213,43.3803,0.928364
1752076372985,208,44.4231,0.928265
1752076373045,207,44.6377,0.926262
1752076373105,204,45.2941,0.927928
1752076373165,202,45.7426,0.926382
1752076373225,198,46.6667,0.922049
1752076373285,196,47.1429,0.920519
1752076373345,194,47.6289,0.919951
1752076373402,193,47.8756,0.917206
1752076373464,190,48.6316,0.916883
1752076373525,188,49.1489,0.920832
1752076373585,185,49.9459,0.925093
1752076373645,182,50.7692,0.924681
1752076373705,179,51.6201,0.925134
1752076373765,176,52.5,0.926095
1752076373830,174,53.1034,0.923882
1752076373889,171,54.0351,0.924855
1752076373949,167,55.3293,0.925214
1752076374009,165,56,0.92509
1752076374066,163,56.6871,0.92783
1752076374130,160,57.75,0.931771
1752076374189,157,58.8535,0.934703
1752076374249,157,58.8535,0.930472
1752076374309,156,59.2308,0.928825
1752076374369,158,58.481,0.923484
1752076374429,159,58.1132,0.91985
1752076374489,159,58.1132,0.92306
1752076374549,159,58.1132,0.925833
1752076374608,158,58.481,0.920872
1752076374666,158,58.481,0.927903
1752076374729,157,58.8535,0.925807
1752076374789,156,59.2308,0.927353
1752076374849,157,58.8535,0.930099
1752076374909,158,58.481,0.919867
1752076374969,157,58.8535,0.923089
1752076375029,156,59.2308,0.930641
1752076375089,155,59.6129,0.927117
1752076375149,156,59.2308,0.925517
1752076375209,155,59.6129,0.92527
1752076375269,155,59.6129,0.928306
1752076375329,155,59.6129,0.929025
1752076375389,155,59.6129,0.929591
1752076375454,156,59.2308,0.925986
1752076375513,155,59.6129,0.926057
1752076375573,155,59.6129,0.927541
1752076375633,154,60,0.930863
1752076375693,154,60,0.93141
1752076375752,155,59.6129,0.929508
1752076375812,156,59.2308,0.927904
1752076375872,156,59.2308,0.932654
1752076375931,156,59.2308,0.93041
1752076375993,157,58.8535,0.929256
1752076376053,158,58.481,0.931181
1752076376112,158,58.481,0.930696
1752076376173,158,58.481,0.927786
1752076376233,161,57.3913,0.92565
1752076376293,162,57.037,0.920653
1752076376353,165,56,0.921643
1752076376413,167,55.3293,0.919334
1752076376471,171,54.0351,0.927077
1752076376533,177,52.2034,0.928101
1752076376596,179,51.6201,0.925608
1752076376653,182,50.7692,0.922155
1752076376712,185,49.9459,0.92808
1752076376773,188,49.1489,0.9297
1752076376834,193,47.8756,0.922997
1752076376894,196,47.1429,0.92574
1752076376952,198,46.6667,0.919555
1752076377012,200,46.2,0.912175
1752076377075,200,46.2,0.910955
1752076377134,202,45.7426,0.91736
1752076377197,200,46.2,0.919644
1752076377257,199,46.4322,0.916025
1752076377317,195,47.3846,0.923866
1752076377376,193,47.8756,0.928636
1752076377436,190,48.6316,0.932563
1752076377496,184,50.2174,0.923615
1752076377557,179,51.6201,0.929611
1752076377616,176,52.5,0.918116
1752076377675,171,54.0351,0.921519
1752076377734,166,55.6627,0.923858
1752076377797,162,57.037,0.934458
1752076377858,159,58.1132,0.930125
1752076377917,156,59.2308,0.927123
1752076377977,153,60.3922,0.923936
1752076378037,151,61.1921,0.924522
1752076378101,150,61.6,0.927369
1752076378160,148,62.4324,0.932914
1752076378216,147,62.8571,0.934466
1752076378276,147,62.8571,0.93627
1752076378334,148,62.4324,0.932735
1752076378397,149,62.0134,0.931346
1752076378457,150,61.6,0.934856
1752076378517,152,60.7895,0.937129
1752076378577,155,59.6129,0.931562
1752076378637,158,58.481,0.932189
1752076378702,163,56.6871,0.927866
1752076378761,167,55.3293,0.922704
1752076378821,172,53.7209,0.92808
1752076378880,177,52.2034,0.928893
1752076378938,184,50.2174,0.928829
1752076379002,190,48.6316,0.917266
1752076379065,192,48.125,0.936257
1752076379121,197,46.9036,0.933572
1752076379181,203,45.5172,0.931998
1752076379241,215,42.9767,0.925468
1752076379301,221,41.81,0.91907
1752076379361,226,40.885,0.907335
1752076379418,228,40.5263,0.910756
1752076379478,230,40.1739,0.904312
1752076379538,232,39.8276,0.903885
1752076379598,231,40,0.889315
1752076379841,239,38.6611,0.914439
1752076379904,243,38.0247,0.914962
1752076379962,246,37.561,0.922729
1752076380020,245,37.7143,0.92527
1752076380083,242,38.1818,0.925906
1752076380138,234,39.4872,0.920848
1752076380200,231,40,0.917589
1752076380262,228,40.5263,0.898383
1752076380326,225,41.0667,0.918193
1752076380385,226,40.885,0.913766
1752076380444,221,41.81,0.92005
1752076380505,217,42.5806,0.922723
1752076380565,212,43.5849,0.928229
1752076380625,207,44.6377,0.932101
1752076380684,200,46.2,0.92829
1752076380744,194,47.6289,0.929249
1752076380802,188,49.1489,0.930667
1752076380865,182,50.7692,0.923006
1752076380925,177,52.2034,0.928504
1752076380987,172,53.7209,0.929202
1752076381049,165,56,0.931022
1752076381105,164,56.3415,0.922615
1752076381163,159,58.1132,0.921309
1752076381223,157,58.8535,0.92149
1752076381282,155,59.6129,0.922958
1752076381345,152,60.7895,0.92473
1752076381402,150,61.6,0.925272
1752076381462,150,61.6,0.925014
1752076381526,146,63.2877,0.92442
1752076381585,146,63.2877,0.924462
1752076381645,146,63.2877,0.92111
1752076381705,148,62.4324,0.923653
1752076381765,150,61.6,0.92392
1752076381825,156,59.2308,0.938617
1752076381882,160,57.75,0.931248
1752076381949,165,56,0.931887
1752076382007,172,53.7209,0.920927
1752076382067,180,51.3333,0.913778
1752076382130,185,49.9459,0.914733
1752076382189,191,48.377,0.914801
1752076382249,198,46.6667,0.916542
1752076382309,203,45.5172,0.916244
1752076382369,206,44.8544,0.91823
1752076382428,207,44.6377,0.922371
1752076382489,208,44.4231,0.921734
1752076382546,208,44.4231,0.926217
1752076382607,209,44.2105,0.923114
1752076382666,209,44.2105,0.925786
1752076382727,209,44.2105,0.92778
1752076382790,210,44,0.926119
1752076382849,209,44.2105,0.923739
1752076382909,211,43.7915,0.92231
1752076382973,211,43.7915,0.921473
1752076383027,211,43.7915,0.919415
1752076383089,212,43.5849,0.921181
1752076383149,213,43.3803,0.919991
1752076383209,212,43.5849,0.920454
1752076383267,211,43.7915,0.921859
1752076383329,212,43.5849,0.921373
1752076383390,211,43.7915,0.916101
1752076383449,212,43.5849,0.914596
1752076383509,210,44,0.915747
1752076383574,210,44,0.917574
1752076383633,211,43.7915,0.915116
1752076383693,211,43.7915,0.914966
1752076383753,212,43.5849,0.913789
1752076383813,210,44,0.91443
1752076383870,210,44,0.920579
1752076383930,210,44,0.919999
1752076383994,214,43.1776,0.93033
1752076384053,208,44.4231,0.908261
1752076384113,217,42.5806,0.925717
1752076384173,227,40.7048,0.905685
1752076384233,218,42.3853,0.89533
1752076384292,182,50.7692,0.91447
1752076384353,192,48.125,0.864048
1752076384412,193,47.8756,0.862533
1752076384471,189,48.8889,0.882759
1752076384533,186,49.6774,0.8993
1752076384593,181,51.0497,0.908476
1752076384653,180,51.3333,0.913807
1752076384712,178,51.9101,0.909778
1752076384773,175,52.8,0.928908
1752076384833,178,51.9101,0.925517
1752076384899,179,51.6201,0.928889
1752076384952,176,52.5,0.92761
1752076385013,173,53.4104,0.916778
1752076385070,165,56,0.919379
1752076385132,161,57.3913,0.921717
1752076385199,157,58.8535,0.917986
1752076385257,153,60.3922,0.918686
1752076385314,146,63.2877,0.921743
1752076385378,143,64.6154,0.917856
1752076385437,139,66.4748,0.911662
1752076385497,136,67.9412,0.904042
1752076385557,127,72.7559,0.906801
1752076385614,127,72.7559,0.916616
1752076385675,116,79.6552,0.898058
1752076385736,115,80.3478,0.904513
1752076385795,108,85.5556,0.907396
1752076385858,105,88,0.896971
1752076385918,106,87.1698,0.90251
1752076385977,105,88,0.896665
1752076386037,107,86.3551,0.893389
1752076386096,106,87.1698,0.893618
1752076386157,105,88,0.897848
1752076386216,104,88.8462,0.899705
1752076386278,102,90.5882,0.903122
1752076386336,99,93.3333,0.900324
1752076386395,98,94.2857,0.901743
1752076386458,97,95.2577,0.898278
1752076386519,97,95.2577,0.901673
1752076386575,98,94.2857,0.902837
1752076386638,98,94.2857,0.893426
1752076386699,98,94.2857,0.898936
1752076386754,99,93.3333,0.90155
1752076386821,100,92.4,0.899895
1752076386878,98,94.2857,0.90132
1752076386938,102,90.5882,0.904619
1752076386998,100,92.4,0.906903
1752076387061,99,93.3333,0.904738
1752076387121,102,90.5882,0.897602
1752076387180,102,90.5882,0.900094
1752076387241,102,90.5882,0.893381
1752076387304,103,89.7087,0.905165
1752076387358,103,89.7087,0.900968
1752076387418,101,91.4851,0.90276
1752076387478,99,93.3333,0.902208
1752076387537,99,93.3333,0.904273
1752076387598,99,93.3333,0.906508
1752076387661,98,94.2857,0.899183
1752076387719,100,92.4,0.902361
1752076387780,99,93.3333,0.907832
1752076387843,94,98.2979,0.907952
1752076387900,78,118.462,0.705276
1752076392231,74,124.865,0.705662
1752076392291,75,123.2,0.725809
1752076392357,75,123.2,0.684762
1752076392593,75,123.2,0.767649
1752076392833,75,123.2,0.716839
1752076393133,75,123.2,0.744752
1752076393193,76,121.579,0.68053
1752076393253,76,121.579,0.674074
1752076393321,75,123.2,0.651924
1752076393437,75,123.2,0.757506
1752076393496,74,124.865,0.793334
1752076393557,73,126.575,0.715554
1752076393738,73,126.575,0.755591
1752076393857,76,121.579,0.695219
1752076393919,74,124.865,0.71453
1752076394097,76,121.579,0.657199
1752076394160,74,124.865,0.657972
1752076394216,76,121.579,0.673951
1752076394277,75,123.2,0.734354
1752076394757,75,123.2,0.711589
1752076394817,76,121.579,0.674367
1752076394882,75,123.2,0.745702
1752076395061,76,121.579,0.66414
1752076395120,75,123.2,0.670429
1752076396381,74,124.865,0.746174
1752076396803,75,123.2,0.735329
1752076398249,74,124.865,0.703701
1752076398847,75,123.2,0.669772
1752076399269,75,123.2,0.718772
1752076399334,74,124.865,0.731762
1752076399452,75,123.2,0.725222
1752076399748,74,124.865,0.704126
1752076401497,74,124.865,0.690839
1752076401617,74,124.865,0.748174
1752076401795,74,124.865,0.652067
1752076401916,75,123.2,0.682567
1752076402337,73,126.575,0.714006
1752076402578,74,124.865,0.710935
1752076403361,73,126.575,0.751406
1752076403602,74,124.865,0.740537
1752076403779,74,124.865,0.733236
1752076404140,75,123.2,0.650636
1752076404502,69,133.913,0.854143
1752076407568,231,40,0.716798
1752076407811,183,50.4918,0.73454
1752076407871,183,50.4918,0.872559
1752076407936,179,51.6201,0.864506
1752076408352,166,55.6627,0.666891
1752076410514,75,123.2,0.690264
1752076410875,74,124.865,0.718031
1752076410935,75,123.2,0.731308
1752076411365,76,121.579,0.73944
1752076411839,75,123.2,0.667689
1752076412259,74,124.865,0.651705
1752076413643,75,123.2,0.725452
1752076414366,75,123.2,0.700886
1752076415990,75,123.2,0.700143
1752076416172,75,123.2,0.732331
1752076416472,75,123.2,0.730663
1752076416536,76,121.579,0.682879
1752076417254,75,123.2,0.74332
1752076417611,74,124.865,0.702111
1752076417738,75,123.2,0.721876
1752076420981,74,124.865,0.689139
1752076421884,75,123.2,0.659472
1752076422065,76,121.579,0.697522
1752076422426,75,123.2,0.673753
1752076422668,75,123.2,0.697221
1752076423151,74,124.865,0.670819
1752076423392,75,123.2,0.723866
1752076423933,74,124.865,0.761559
1752076424296,75,123.2,0.676385
1752076424472,75,123.2,0.706991
1752076424535,74,124.865,0.760782
1752076424591,75,123.2,0.662069
1752076424952,75,123.2,0.739114
1752076425011,76,121.579,0.728291
1752076429864,74,124.865,0.770024
1752076431008,73,126.575,0.662122
1752076431971,75,123.2,0.734639
1752076432034,73,126.575,0.738785
1752076432153,76,121.579,0.650723
1752076432335,75,123.2,0.692257
1752076432453,74,124.865,0.790185
1752076432752,74,124.865,0.792435
1752076432812,74,124.865,0.729638
1752076432871,74,124.865,0.700853
1752076432934,74,124.865,0.662945
1752076433053,74,124.865,0.712181
1752076433235,75,123.2,0.731211
1752076433418,74,124.865,0.721449
1752076433475,75,123.2,0.675621
1752076433595,74,124.865,0.739569
1752076433716,74,124.865,0.717808
1752076433956,74,124.865,0.757627
1752076434137,74,124.865,0.783939
1752076434197,74,124.865,0.674698
1752076434320,75,123.2,0.768054
1752076434379,74,124.865,0.753255
1752076434500,75,123.2,0.745554
1752076435224,73,126.575,0.690698
1752076435283,75,123.2,0.756865
1752076435583,74,124.865,0.688719
1752076435641,74,124.865,0.726725
1752076435702,75,123.2,0.73261
1752076435820,75,123.2,0.676042
1752076436185,74,124.865,0.798163
1752076436300,74,124.865,0.778692
1752076436425,73,126.575,0.667681
1752076436480,74,124.865,0.727866
1752076437146,75,123.2,0.725656
1752076438652,74,124.865,0.672378
1752076441719,75,123.2,0.687721
1752076445267,80,115.5,0.706851
1752076446828,74,124.865,0.707264
1752076447009,75,123.2,0.706863
1752076447190,76,121.579,0.691285
1752076449536,74,124.865,0.685891
1752076450076,76,121.579,0.793175
1752076450676,73,126.575,0.686921
1752076452000,74